<?xml version="1.0" encoding="ISO-8859-1"?>
	
<!-- 
W3C rules retrieved from:
http://www.w3.org/TR/html401/struct/global.html
-->
	
<anti-samy-rules>
	
	<directives>
		<directive name="omitXmlDeclaration" value="true"/>
		<directive name="omitDoctypeDeclaration" value="true"/>
		<directive name="maxInputSize" value="100000"/>
		<directive name="embedStyleSheets" value="true"/>
	</directives>
	
	<common-regexps>
		
		<!-- 
		From W3C:
		This attribute assigns a class name or set of class names to an
		element. Any number of elements may be assigned the same class
		name or names. Multiple class names must be separated by white 
		space characters.
		-->
		
		<regexp name="colorNameOrCode" value="(#[0-9a-zA-Z]{6}|(aqua|black|blue|fuchsia|gray|green|lime|maroon|navy|olive|purple|red|silver|teal|white|yellow))"/>
		<regexp name="number" value="[0-9]+"/>
		<regexp name="anything" value=".*"/>
		<regexp name="numberOrPercent" value="(\d)+(%{0,1})"/>
		<regexp name="paragraph" value="[a-zA-Z0-9,'\.\s-_\(\)]*"/>	
		<regexp name="htmlId" value="[a-zA-Z0-9-_]+"/>
		<regexp name="htmlTitle" value="[a-zA-Z0-9\s-_',:\[\]!\.]*"/> <!-- force non-empty with a '+' at the end instead of '*' -->
		<regexp name="htmlClass" value="[a-zA-Z0-9\s,-_]+"/>

		<regexp name="onsiteURL" value="([\w\\/\.\?=&amp;;#-]+|#(\w)+)"/>
		<regexp name="offsiteURL" value="(http|https|mailto):\/\/[\w-\?\./=#&amp;,;]+"/>
		
		<regexp name="boolean" value="(true|false)"/>
		<regexp name="singlePrintable" value="[a-zA-Z0-9]{1}"/> <!-- \w allows the '_' character -->

		<!-- This is for elements (ex: elemName { ... }) -->
		<regexp name="cssElementSelector" value="[a-zA-Z0-9-_]+|\*"/>
		
		<!--  This is to list out any element names that are *not* valid -->
		<regexp name="cssElementExclusion" value=""/>
		
		<!--  This if for classes (ex: .className { ... }) -->
		<regexp name="cssClassSelector" value="\.[a-zA-Z0-9-_]+"/>

		<!--  This is to list out any class names that are *not* valid -->
		<regexp name="cssClassExclusion" value=""/>
		
		<!--  This is for ID selectors (ex: #myId { ... } -->
		<regexp name="cssIDSelector" value="#[a-zA-Z0-9-_]+"/>
		
		<!--  This is to list out any IDs that are *not* valid -->
		<regexp name="cssIDExclusion" value=""/>
		
		<!--  This is for pseudo-element selector (ex. foo:pseudo-element { ... } -->
		<regexp name="cssPseudoElementSelector" value=":[a-zA-Z0-9-_]+"/>
		
		<!--  This is to list out any psuedo-element names that are *not* valid -->
		<regexp name="cssPsuedoElementExclusion" value=""/>
		
		<!--  This is for attribute selectors (ex. foo[attr=value] { ... } -->
		<regexp name="cssAttributeSelector" value="\[[a-zA-Z0-9-_]+((=|~=|\|=){1}[a-zA-Z0-9-_]+){1}\]"/>
		
		<!--  This is to list out any attribute names that are *not* valid -->
		<regexp name="cssAttributeExclusion" value=""/>
		
		<!--  This is for resources referenced from CSS (such as background images and other imported stylesheets) -->
		<regexp name="cssUri" value="url\((\.\.|/|[a-zA-Z0-9\. ]+)*[a-zA-Z0-9\_]+\.(gif|jpg|ico|png|css)\)|url\((http|https|mailto)://[a-zA-Z0-9][a-zA-Z0-9\.]*\.[a-zA-Z]{2,5}(:[\d]+){0,1}/(\.\.|/|[a-zA-Z0-9 ]+)*[a-zA-Z0-9\\_]+\.(gif|jpg|ico|png|css)\)"/>		

		<!--  This is for comments within CSS (ex. /* comment */) -->
		<regexp name="cssCommentText" value="[a-zA-Z0-9-_,\.\s]+"/>
		
		<regexp name="integer" value="(-|\+)?[0-9]+"/>
		<regexp name="number" value="(-|\+)?([0-9]+(.[0-9]+)?)"/>		
		<regexp name="angle" value="(-|\+)?([0-9]+(.[0-9]+)?)(deg|grads|rad)"/>
		<regexp name="time" value="([0-9]+(.[0-9]+)?)(ms|s)"/>
		<regexp name="frequency" value="([0-9]+(.[0-9]+)?)(hz|khz)"/>	
		<regexp name="length" value="((-|\+)?0|(-|\+)?([0-9]+(.[0-9]+)?)(em|ex|px|in|cm|mm|pt|pc))"/>
		<regexp name="percentage" value="(-|\+)?([0-9]+(.[0-9]+)?)%"/>
		<regexp name="cssColor" value="(aqua|black|blue|fuchsia|gray|green|lime|maroon|navy|olive|purple|red|silver|teal|white|yellow)|rgb\(([1]?[0-9]{1,2}|2[0-4][0-9]|25[0-5]),([1]?[0-9]{1,2}|2[0-4][0-9]|25[0-5]),([1]?[0-9]{1,2}|2[0-4][0-9]|25[0-5])\)"/>		
		<regexp name="absolute-size" value="(xx-small|x-small|small|medium|large|x-large|xx-large)"/>
		<regexp name="relative-size" value="(larger|smaller)"/>
	</common-regexps>
	
	<!-- 
	
	Tag.name = a, b, div, body, etc.
	Tag.action = filter: remove tags, but keep content, validate: keep content as long as it passes rules, remove: remove tag and contents
	Attribute.name = id, class, href, align, width, etc.
	Attribute.onInvalid = what to do when the attribute is invalid, e.g., remove the tag (removeTag), remove the attribute (removeAttribute), filter the tag (filterTag)
	Attribute.description = What rules in English you want to tell the users they can have for this attribute. Include helpful things so they'll be able to tune their HTML
	 
	 -->

	<!-- 
	Some attributes are common to all (or most) HTML tags. There aren't many that qualify for this. You have to make sure there's no
	collisions between any of these attribute names with attribute names of other tags that are for different purposes.
	-->

	<common-attributes>
		

		<!-- Common to all HTML tags  -->
		
		<attribute name="id" description="The 'id' of any HTML attribute should not contain anything besides letters and numbers">
			<regexp-list>
				<regexp value="[a-zA-Z0-9_\-\:]+"/>
			</regexp-list>
		</attribute>
	
		<attribute name="class" description="The 'class' of any HTML attribute is usually a single word, but it can also be a list of class names separated by spaces">
			<regexp-list>
				<regexp name="htmlClass"/>
			</regexp-list>
		</attribute>

		<attribute name="lang" description="The 'lang' attribute tells the browser what language the element's attribute values and content are written in">
		 	<regexp-list>
		 		<regexp value="[a-zA-Z]{2,20}"/>
		 	</regexp-list>
		 </attribute>
		 <attribute name="title" description="The 'title' attribute provides text that shows up in a 'tooltip' when a user hovers their mouse over the element">
		 	<regexp-list>
		 		<regexp name="htmlTitle"/>
		 	</regexp-list>
		 </attribute>
		 
		 <attribute name="alt" description="The 'alt' attribute provides alternative text to users when its visual representation is not available">
		 	<regexp-list>
		 		<regexp name="paragraph"/>
		 	</regexp-list>
		 </attribute>

		 
 		<!-- the "style" attribute will be validated by an inline stylesheet scanner, so no need to define anything here - i hate having to special case this but no other choice -->
		 <attribute name="style" description="The 'style' attribute provides the ability for users to change many attributes of the tag's contents using a strict syntax"/>
		 
		 
		 
		 
		 <!-- Anchor related -->
		 
		<attribute name="href" onInvalid="filterTag">
			<regexp-list>
				<regexp name="onsiteURL"/>
				<regexp name="offsiteURL"/>
			</regexp-list>
			<literal-list>
				<literal value="javascript:history.go(0)"/>
				<literal value="javascript:history.go(-1)"/>
				<literal value="javascript:void(0)"/>
				<literal value="javascript:location.reload()"/>
			</literal-list>
		</attribute>
		
		<attribute name="name">
		 	<regexp-list>
		 		<regexp value="[a-zA-Z0-9-_]+"/>
		 	</regexp-list>
		 </attribute>
		
		
		<attribute name="shape" description="The 'shape' attribute defines the shape of the selectable area">
			<literal-list>
				<literal value="default"/>
				<literal value="rect"/>
				<literal value="circle"/>
				<literal value="poly"/>
			</literal-list>
		</attribute>
		
		
		
		<!--  Table attributes  -->
		
		<attribute name="border">
			<regexp-list>
				<regexp name="number"/>
			</regexp-list>
		</attribute>
		
		<attribute name="cellpadding">
			<regexp-list>
				<regexp name="number"/>
			</regexp-list>
		</attribute>

		<attribute name="cellspacing">
			<regexp-list>
				<regexp name="number"/>
			</regexp-list>
		</attribute>
		
		<attribute name="colspan">
			<regexp-list>
				<regexp name="number"/>
			</regexp-list>
		</attribute>

		<attribute name="rowspan">
			<regexp-list>
				<regexp name="number"/>
			</regexp-list>
		</attribute>
		
		<attribute name="background">
			<regexp-list>
				<regexp name="onsiteURL"/>
			</regexp-list>
		</attribute>

		<attribute name="bgcolor">		
			<regexp-list>
				<regexp name="colorNameOrCode"/>
			</regexp-list>
		</attribute>
		 
		 <attribute name="abbrev">
		 	<regexp name="paragraph"/>
		 </attribute>
		 
		 <attribute name="headers" description="The 'headers' attribute is a space-separated list of cell IDs">
		 	<regexp-list>
			 	<regexp value="[a-zA-Z0-9\s*]*"/>
		 	</regexp-list>
		 </attribute>
		 
		 <attribute name="charoff">
		 	<regexp-list>
		 		<regexp value="numberOrPercent"/>
		 	</regexp-list>
		 </attribute>
		 
		 <attribute name="char">
			<regexp value=".*{0,1}"/>
		 </attribute>


		<attribute name="axis" description="The 'headers' attribute is a comma-separated list of related header cells">
		 	<regexp-list>
			 	<regexp value="[a-zA-Z0-9\s*,]*"/>
		 	</regexp-list>		
		</attribute> 
		
		<attribute name="nowrap" description="The 'nowrap' attribute tells the browser not to wrap text that goes over one line">
			<regexp-list>
				<regexp name="anything"/>
				<!-- <regexp value="(nowrap){0,1}"/>  -->
			</regexp-list>
		</attribute>
		
		
		<!--  Common positioning attributes  -->

		<attribute name="width">
			<regexp-list>
				<regexp name="numberOrPercent"/>
			</regexp-list>
		</attribute>
		
		<attribute name="height">
			<regexp-list>
				<regexp name="numberOrPercent"/>
			</regexp-list>
		</attribute>
		
		<attribute name="align" description="The 'align' attribute of an HTML element is a direction word, like 'left', 'right' or 'center'">
			<literal-list>
				<literal>center</literal>
				<literal>left</literal>
				<literal>right</literal>
				<literal>justify</literal>
				<literal>char</literal>
			</literal-list>
		</attribute>
		
		<attribute name="valign" description="The 'valign' attribute of an HTML attribute is a direction word, like 'baseline','bottom','middle' or 'top'">
			<literal-list>
				<literal>baseline</literal>
				<literal>bottom</literal>
				<literal>middle</literal>
				<literal>top</literal>
			</literal-list>
		</attribute>
		
		
		
		<!-- Intrinsic JavaScript Events -->
		
		<attribute name="onFocus" description="The 'onFocus' event is executed when the control associated with the tag gains focus">
			<literal-list>
				<literal>javascript:void(0)</literal>
				<literal>javascript:history.go(-1)</literal>
			</literal-list>
		</attribute>

		<attribute name="onBlur" description="The 'onBlur' event is executed when the control associated with the tag loses focus">
			<literal-list>
				<literal>javascript:void(0)</literal>
				<literal>javascript:history.go(-1)</literal>
			</literal-list>
		</attribute>
		 
		 <attribute name="onClick" description="The 'onClick' event is executed when the control associated with the tag is clicked">
			<literal-list>
				<literal>javascript:void(0)</literal>
				<literal>javascript:history.go(-1)</literal>
			</literal-list>		 
		 </attribute>

		 <attribute name="onDblClick" description="The 'onDblClick' event is executed when the control associated with the tag is clicked twice immediately">
			<literal-list>
				<literal>javascript:void(0)</literal>
				<literal>javascript:history.go(-1)</literal>
			</literal-list>		 
		 </attribute>
		 
		  <attribute name="onMouseDown" description="The 'onMouseDown' event is executed when the control associated with the tag is clicked but not yet released">
			<literal-list>
				<literal>javascript:void(0)</literal>
				<literal>javascript:history.go(-1)</literal>
			</literal-list>		 
		 </attribute>
		 
		 <attribute name="onMouseUp" description="The 'onMouseUp' event is executed when the control associated with the tag is clicked after the button is released">
			<literal-list>
				<literal>javascript:void(0)</literal>
				<literal>javascript:history.go(-1)</literal>
			</literal-list>		 
		 </attribute>
		 
 		 <attribute name="onMouseOver" description="The 'onMouseOver' event is executed when the user's mouse hovers over the control associated with the tag">
			<literal-list>
				<literal>javascript:void(0)</literal>
				<literal>javascript:history.go(-1)</literal>
			</literal-list>		 
		 </attribute>
		 
		 <attribute name="scope" description="The 'scope' attribute defines what's covered by the header cells">
		 	<literal-list>
		 		<literal>row</literal>
		 		<literal>col</literal>
		 		<literal>rowgroup</literal>
		 		<literal>colgroup</literal>
		 	</literal-list>
		 </attribute>
		
		
		
		 <!-- If you want users to be able to mess with tabindex, uncomment this -->
		 <!--  
		 <attribute name="tabindex" description="...">
		 	<regexp-list>
		 		<regexp name="number"/>
		 	</regexp-list>
		 </attribute>
		  -->
		 
		 
		 <!-- Input/form related common attributes -->
		 
		 <attribute name="disabled">
		 	<regexp-list>
		 		<regexp name="anything"/>
		 	</regexp-list>
		 </attribute>
		 
		 <attribute name="readonly">
		 	<regexp-list>
		 		<regexp name="anything"/>
		 	</regexp-list>		 
		 </attribute>
		 
		 <attribute name="accesskey">
		 	<regexp-list>
		 		<regexp name="anything"/>
		 	</regexp-list>		 
		 </attribute>
		 
		 <attribute name="size">
		 	<regexp-list>
		 		<regexp name="number"/>
		 	</regexp-list>
		 </attribute>
		 
		 
		<attribute name="autocomplete">
			<literal-list>
				<literal value="on"/>
				<literal value="off"/>
			</literal-list>
		</attribute>
			
		 <attribute name="rows">
		 	<regexp-list>
		 		<regexp name="number"/>
		 	</regexp-list>		 
		 </attribute>

		 <attribute name="cols">
		 	<regexp-list>
		 		<regexp name="number"/>
		 	</regexp-list>		 
		 </attribute>
		 
	</common-attributes>


	<!--
	This requires normal updates as browsers continue to diverge from the W3C and each other. As long as the browser wars continue
	this is going to continue. I'm not sure war is the right word for what's going on. Doesn't somebody have to win a war after 
	a while? Even wars of attrition, surely?
	 -->
	
	<global-tag-attributes>
		<!-- Not valid in base, head, html, meta, param, script, style, and title elements. -->
		<attribute name="id"/>
		<attribute name="style"/>
		<attribute name="title"/>
		<attribute name="class"/>
		<!-- Not valid in base, br, frame, frameset, hr, iframe, param, and script elements.  -->
		<attribute name="lang"/>
	</global-tag-attributes>
	
	
	
	<tag-rules>
	
		<!-- You can mess with this stuff if you know what you're doing -->
		
		<tag name="html" action="filter"/>
		
		<tag name="body" action="validate">
			<attribute name="bgcolor"/>
		</tag>
		
		<tag name="meta" action="filter">
			<attribute name="content">
				<literal-list>
					<literal value=""/>
				</literal-list>
			</attribute>
		</tag>

		<tag name="head" action="filter"/>

		<!-- since we're validating the style sheets this is safe to have - switch to "truncate" if the user's html will appear in the html body -->
		<tag name="title" action="truncate"/>


		<!-- Tags related to JavaScript -->

		<tag name="script" action="remove"/>
		<tag name="noscript" action="validate"/> <!-- although no javascript can fire inside a noscript tag, css is still a viable attack vector -->
		
		
		
		<!-- Frame & related tags -->
		
		<tag name="iframe" action="remove"/>
		<tag name="frameset" action="remove"/>
		<tag name="frame" action="remove"/>
		
		
		
		
		<!-- Form related tags -->
		
		<tag name="label">
			<attribute name="for">
				<regexp-list>
					<regexp name="htmlId"/>
				</regexp-list>
			</attribute>
		</tag>
		

		<!--
			If you wish to enable any of the form related tags, change the tag's action below from "filter" or "remove" to "validate". The attributes have been 
			hardened so this is safe to do, if it's something you want to allow. Beware the <><ing possibilities!
		 -->
			
		<tag name="form" action="validate">
			
			<attribute name="action">
				<regexp-list>
					<regexp name="onsiteURL"/>
					<regexp name="offsiteURL"/>
				</regexp-list>
			</attribute>
			
			<attribute name="name"/>
			
			<attribute name="autocomplete"/>
			
			<attribute name="method">
				<literal-list>
					<literal value="post"/>
					<literal value="get"/>
				</literal-list>
			</attribute>
			
		</tag>
		
		<tag name="button">
			<attribute name="name"/>
			<attribute name="value">
				<regexp-list>
					<regexp name="anything"/>
				</regexp-list>
			</attribute>
			
			<attribute name="disabled"/>
			<attribute name="accesskey"/>
			<attribute name="type">
				<literal-list>
					<literal value="submit"/>
					<literal value="reset"/>
					<literal value="button"/>
				</literal-list>
			</attribute>
		</tag>
		
		<tag name="input" action="validate">
			
			<attribute name="name"/>
			
			<attribute name="size"/>
			
			<attribute name="maxlength">
				<regexp-list>
					<regexp name="number"/>
				</regexp-list>
			</attribute>
			
			<attribute name="autocomplete"/>
			
			<attribute name="checked">
				<regexp-list>
					<regexp name="anything"/>
				</regexp-list>
			</attribute>
			
			<attribute name="alt"/>
			
			<attribute name="src">
				<regexp-list>
					<regexp name="onsiteURL"/>
					<regexp name="offsiteURL"/>
				</regexp-list>
			</attribute>
			
			<attribute name="usemap">
				<regexp-list>
					<regexp name="onsiteURL"/>
				</regexp-list>
			</attribute>
			
			<attribute name="type">
				<literal-list>
					<literal value="hidden"/>
					<literal value="text"/>
					<literal value="password"/>
					<literal value="radio"/>
					<literal value="checkbox"/>
					<literal value="submit"/>
					<literal value="button"/>
					<literal value="image"/>
					<literal value="file"/>
					<literal value="reset"/>
				</literal-list>
			</attribute>
			
			<attribute name="value">
				<regexp-list>
					<regexp name="anything"/>
				</regexp-list>
			</attribute>
			
			<attribute name="disabled"/>
			<attribute name="readonly"/>
			<attribute name="accesskey"/>
			
		</tag>
		
		<tag name="select" action="validate">

			<attribute name="name"/>
			<attribute name="disabled"/>
			
			<attribute name="multiple">
				<regexp-list>
					<regexp name="anything"/>
				</regexp-list>
			</attribute>
			
			<attribute name="size"/>
			
		</tag>
		
		<tag name="option" action="validate">
			<attribute name="value">
				<regexp-list>
					<regexp name="anything"/>
				</regexp-list>
			</attribute>
			
			<attribute name="label">
				<regexp-list>
					<regexp name="anything"/>
				</regexp-list>
			</attribute>
			
			<attribute name="selected">
				<regexp-list>
					<regexp name="anything"/>
				</regexp-list>
			</attribute>
		</tag>
		
		<tag name="textarea" action="validate">
			<attribute name="rows"/>
			<attribute name="cols"/>

			<attribute name="disabled"/>
			<attribute name="readonly"/>
			<attribute name="accesskey"/>
		</tag>
		
		
		
		
		<!-- All formatting tags -->
		
		<tag name="h1" action="validate"/>
		<tag name="h2" action="validate"/>
		<tag name="h3" action="validate"/>
		<tag name="h4" action="validate"/>
		<tag name="h5" action="validate"/>
		<tag name="h6" action="validate"/>

		<tag name="p" action="validate"/>
		
		<tag name="i" action="truncate"/>
		<tag name="b" action="truncate"/>
		<tag name="u" action="truncate"/>

		<tag name="em" action="truncate"/>
		<tag name="small" action="truncate"/>
		<tag name="big" action="truncate"/>
		<tag name="pre" action="truncate"/>
		<tag name="code" action="truncate"/>
		<tag name="cite" action="truncate"/>
		<tag name="samp" action="truncate"/>
		<tag name="sub" action="truncate"/>
		<tag name="sup" action="truncate"/>
		<tag name="strike" action="truncate"/>
		<tag name="center" action="truncate"/>
		<tag name="blockquote" action="truncate"/>
		
		<tag name="hr" action="validate"/>
		<tag name="br" action="truncate"/>
		
		<tag name="col" action="validate"/>
		
		<tag name="font" action="validate">
			<attribute name="cssColor">
				<regexp-list>
					<regexp name="colorNameOrCode"/>
				</regexp-list>
			</attribute>
			
			<attribute name="face">
				<regexp-list>
					<regexp value="[\w;, ]+"/>
				</regexp-list>
			</attribute>
			
			<attribute name="size">
				<regexp-list>
					<regexp value="(\+|-){0,1}(\d)+"/>
				</regexp-list>
			</attribute>
		</tag>
		


		
		<!-- Anchor and anchor related tags -->
		
		<tag name="a" action="validate">

			<attribute name="href" onInvalid="filterTag"/>
			<attribute name="onFocus"/>
			<attribute name="onBlur"/>
			<attribute name="nohref">
				<regexp-list>
					<regexp name="anything"/>
				</regexp-list>
			</attribute>
			<attribute name="rel">
				<literal-list>
					<literal value="nofollow"/>
				</literal-list>
			</attribute>
		</tag>

		<tag name="map" action="validate"/>

		<tag name="base" action="validate">
			<attribute name="href"/>
		</tag>
		
		
		
		
		<!-- Stylesheet Tags -->
		
		<tag name="style" action="validate"/>
		<tag name="span" action="validate"/>

		<tag name="div" action="validate">
			<attribute name="align"/>
		</tag>
		
		<!-- <attribute name="id"/>  what could an attacker do if they could overwrite an existing div definition? prolly something bad -->
		<!-- <attribute name="class"/> what could an attacker do if they could specify any class in the namespace? prolly something bad -->

		
		
		
		
		<!-- Image & image related tags -->
		
		<tag name="img" action="validate">
			<attribute name="src" onInvalid="removeTag">
				<regexp-list>
					<regexp name="onsiteURL"/>
					<regexp name="offsiteURL"/>
				</regexp-list>
			</attribute>
			<attribute name="alt"/>
		</tag>
		
		<tag name="link" action="validate">

			<attribute name="href" onInvalid="removeTag"/>
			
			<attribute name="type" onInvalid="removeTag">
				<literal-list>
					<literal value="text/css"/>
					<literal value="application/rss+xml"/>
					<literal value="image/x-icon"/>
				</literal-list>
			</attribute>
			
			<attribute name="rel">
				<literal-list>
					<literal value="stylesheet"/>
					<literal value="shortcut icon"/>
					<literal value="search"/>
					<literal value="copyright"/>
					<literal value="top"/>
					<literal value="alternate"/>
				</literal-list>
			</attribute>
		</tag>
		
		
		
				

		<!-- List tags -->

		<tag name="ul" action="validate"/>
		<tag name="ol" action="validate"/>
		<tag name="li" action="validate"/>
		

		
		
		<!-- Dictionary tags -->
		
		<tag name="dd" action="truncate"/>
		<tag name="dl" action="truncate"/>
		<tag name="dt" action="truncate"/>
		


		
		<!-- Table tags (tbody, thead, tfoot)-->
		
		<tag name="thead" action="validate">
			<attribute name="align"/>
			<attribute name="char"/>
			<attribute name="charoff"/>
			<attribute name="valign"/>
		</tag>
		
		<tag name="tbody" action="validate">
			<attribute name="align"/>
			<attribute name="char"/>
			<attribute name="charoff"/>
			<attribute name="valign"/>
		</tag>
		
		<tag name="tfoot" action="validate">
			<attribute name="align"/>
			<attribute name="char"/>
			<attribute name="charoff"/>
			<attribute name="valign"/>
		</tag>
		
		<tag name="table" action="validate">
			<attribute name="width"/>
			<attribute name="border"/>
			<attribute name="cellpadding"/>
			<attribute name="cellspacing"/>
			<attribute name="background"/>
			<attribute name="align"/>
		</tag>
		
		<tag name="td" action="validate">
			<attribute name="bgcolor"/>
			<attribute name="abbrev"/>
			<attribute name="axis"/>
			<attribute name="headers"/>
			<attribute name="scope"/>
			<attribute name="nowrap"/>
			<attribute name="height"/>
			<attribute name="width"/>
			<attribute name="align"/>
			<attribute name="char"/>
			<attribute name="charoff"/>			
			<attribute name="valign"/>
			<attribute name="colspan"/>
			<attribute name="rowspan"/>

		</tag>
		
		<tag name="th" action="validate">
			<attribute name="abbrev"/>
			<attribute name="axis"/>
			<attribute name="headers"/>
			<attribute name="scope"/>
			<attribute name="nowrap"/>
			<attribute name="bgcolor"/>
			<attribute name="height"/>
			<attribute name="width"/>
			<attribute name="align"/>
			<attribute name="char"/>
			<attribute name="charoff"/>			
			<attribut name="valign"/>
			<attribute name="colspan"/>
			<attribute name="rowspan"/>
		</tag>
		
		<tag name="tr" action="validate">
			<attribute name="height"/>
			<attribute name="width"/>
			<attribute name="align"/>
			<attribute name="char"/>
			<attribute name="charoff"/>	
			<attribute name="background"/>
		</tag>
		
		<tag name="colgroup" action="validate">

			<attribute name="span">
				<regexp-list>
					<regexp name="number"/>
				</regexp-list>
			</attribute>
			<attribute name="width"/>
			<attribute name="align"/>
			<attribute name="char"/>
			<attribute name="charoff"/>
			<attribute name="valign"/>
		</tag>
		
		<tag name="col" action="validate">
			<attribute name="align"/>
			<attribute name="char"/>
			<attribute name="charoff"/>
			<attribute name="valign"/>
			<attribute name="span">
				<regexp-list>
					<regexp name="number"/>
				</regexp-list>
			</attribute>
			<attribute name="width"/>
		</tag>
				
		<tag name="fieldset" action="validate"/>
		<tag name="legend" action="validate"/>
		
	</tag-rules>


	<!--  CSS validation processing rules  -->

	<css-rules>
	
		<property name="azimuth" description="This property is most likely to be implemented by mixing the same signal into different channels at differing volumes.">
			<literal-list>
				<literal value="left-side"/>
				<literal value="far-left"/>
				<literal value="left"/>
				<literal value="center-left"/>
				<literal value="center"/>
				<literal value="center-right"/>
				<literal value="right"/>
				<literal value="far-right"/>
				<literal value="right-side"/>
				<literal value="behind"/>
				<literal value="leftwards"/>
				<literal value="rightwards"/>
				<literal name="inherit"/>			
			</literal-list>
			<regexp-list>
				<regexp name="angle"/>
			</regexp-list>
		</property>
			
		<property name="background" description="The 'background' property is a shorthand property for setting the individual background properties (i.e., 'background-color', 'background-image', 'background-repeat', 'background-attachment' and 'background-position') at the same place in the style sheet.">
			<literal-list>
				<literal value="inherit"/>
			</literal-list>
			<shorthand-list>
				<shorthand name="background-color"/>
				<shorthand name="background-image"/>
				<shorthand name="background-repeat"/>
				<shorthand name="background-attachment"/>
				<shorthand name="background-position"/>												
			</shorthand-list>
		</property>

		<property name="background-attachment" description="If a background image is specified, this property specifies whether it is fixed with regard to the viewport ('fixed') or scrolls along with the document ('scroll').">
			<literal-list>
				<literal value="scroll"/>
				<literal value="fixed"/>
				<literal value="inherit"/>
			</literal-list>
		</property>
		
		<property name="background-color" description="This property sets the background color of an element, either a &lt;color&gt; value or the keyword 'transparent', to make the underlying colors shine through.">
			<literal-list>
				<literal value="transparent"/>
				<literal value="inherit"/>
			</literal-list>
			<regexp-list>
				<regexp name="cssColor"/>
			</regexp-list>
		</property>
		
		<property name="background-image" description="This property sets the background image of an element.">
			<literal-list>
				<literal value="none"/>
				<literal value="inherit"/>
			</literal-list>
			<regexp-list>
				<regexp name="cssUri"/>
			</regexp-list>
		</property>
		
		<property name="background-position" description="If a background image has been specified, this property specifies its initial position.">
			<literal-list>
				<literal value="top"/>
				<literal value="center"/>
				<literal value="bottom"/>
				<literal value="left"/>
				<literal value="center"/>
				<literal value="right"/>			
				<literal name="inherit"/>
			</literal-list>
			<regexp-list>
				<regexp name="percentage"/>
				<regexp name="length"/>
			</regexp-list>
		</property>		

		<property name="background-repeat" description="If a background image is specified, this property specifies whether the image is repeated (tiled), and how.">
			<literal-list>
				<literal value="repeat"/>
				<literal value="repeat-x"/>
				<literal value="repeat-y"/>
				<literal value="no-repeat"/>
				<literal value="inherit"/>
			</literal-list>
		</property>

		<!-- Begin simple properties -->
		<property name="border-collapse" default="collapse" description="">
			<category-list>
				<category value="visual"/>
			</category-list>
			<literal-list>
				<literal value="collapse"/>
				<literal value="separate"/>
				<literal value="inherit"/>
			</literal-list>
		</property>
		<property name="border-color" description="">
			<category-list>
				<category value="visual"/>
			</category-list>
			<literal-list>
				<literal value="transparent"/>
				<literal value="inherit"/>
			</literal-list>
			<regexp-list>
				<regexp name="cssColor"/>
			</regexp-list>
		</property>
		<property name="border-top-color" description="">
			<category-list>
				<category value="visual"/>
			</category-list>
			<literal-list>
				<literal value="inherit"/>
			</literal-list>
			<regexp-list>
				<regexp name="cssColor"/>
			</regexp-list>
		</property>
		<property name="border-right-color" description="">
			<category-list>
				<category value="visual"/>
			</category-list>
			<literal-list>
				<literal value="inherit"/>
			</literal-list>
			<regexp-list>
				<regexp name="cssColor"/>
			</regexp-list>
		</property>
		<property name="border-bottom-color" description="">
			<category-list>
				<category value="visual"/>
			</category-list>
			<literal-list>
				<literal value="inherit"/>
			</literal-list>
			<regexp-list>
				<regexp name="cssColor"/>
			</regexp-list>
		</property>
		<property name="border-left-color" description="">
			<category-list>
				<category value="visual"/>
			</category-list>
			<literal-list>
				<literal value="inherit"/>
			</literal-list>
			<regexp-list>
				<regexp name="cssColor"/>
			</regexp-list>
		</property>
		<property name="bottom" default="auto" description="">
			<category-list>
				<category value="visual"/>
			</category-list>
			<literal-list>
				<literal value="auto"/>
				<literal value="inherit"/>
			</literal-list>
			<regexp-list>
				<regexp name="length"/>
				<regexp name="percentage"/>
			</regexp-list>
		</property>
		<property name="caption-side" default="top" description="">
			<category-list>
				<category value="visual"/>
			</category-list>
			<literal-list>
				<literal value="top"/>
				<literal value="bottom"/>
				<literal value="left"/>
				<literal value="right"/>
				<literal value="inherit"/>
			</literal-list>
		</property>
		<property name="clear" default="none" description="">
			<category-list>
				<category value="visual"/>
			</category-list>
			<literal-list>
				<literal value="none"/>
				<literal value="left"/>
				<literal value="right"/>
				<literal value="both"/>
				<literal value="inherit"/>
			</literal-list>
		</property>
		<property name="color" description="">
			<category-list>
				<category value="visual"/>
			</category-list>
			<literal-list>
				<literal value="inherit"/>
			</literal-list>
			<regexp-list>
				<regexp name="cssColor"/>
			</regexp-list>
		</property>
		<property name="cue-after" default="none" description="">
			<category-list>
				<category value="aural"/>
			</category-list>
			<literal-list>
				<literal value="none"/>
				<literal value="inherit"/>
			</literal-list>
			<regexp-list>
				<regexp name="cssUri"/>
			</regexp-list>
		</property>
		<property name="cue-before" default="none" description="">
			<category-list>
				<category value="aural"/>
			</category-list>
			<literal-list>
				<literal value="none"/>
				<literal value="inherit"/>
			</literal-list>
			<regexp-list>
				<regexp name="cssUri"/>
			</regexp-list>
		</property>
		<property name="direction" default="ltr" description="">
			<category-list>
				<category value="visual"/>
			</category-list>
			<literal-list>
				<literal value="ltr"/>
				<literal value="rtl"/>
				<literal value="inherit"/>
			</literal-list>
		</property>
		<property name="display" default="inline" description="">
			<category-list>
				<category value="all"/>
			</category-list>
			<literal-list>
				<literal value="inline"/>
				<literal value="block"/>
				<literal value="list-item"/>
				<literal value="run-in"/>
				<literal value="compact"/>
				<literal value="marker"/>
				<literal value="table"/>
				<literal value="inline-table"/>
				<literal value="table-row-group"/>
				<literal value="table-header-group"/>
				<literal value="table-footer-group"/>
				<literal value="table-row"/>
				<literal value="table-column-group"/>
				<literal value="table-column"/>
				<literal value="table-cell"/>
				<literal value="table-caption"/>
				<literal value="none"/>
				<literal value="inherit"/>
			</literal-list>
		</property>
		<property name="elevation" default="level" description="">
			<category-list>
				<category value="aural"/>
			</category-list>
			<literal-list>
				<literal value="below"/>
				<literal value="level"/>
				<literal value="above"/>
				<literal value="higher"/>
				<literal value="lower"/>
				<literal value="inherit"/>
			</literal-list>
			<regexp-list>
				<regexp name="angle"/>
			</regexp-list>
		</property>
		<property name="empty-cells" default="show" description="">
			<category-list>
				<category value="visual"/>
			</category-list>
			<literal-list>
				<literal value="show"/>
				<literal value="hide"/>
				<literal value="inherit"/>
			</literal-list>
		</property>
		<property name="float" default="none" description="">
			<category-list>
				<category value="visual"/>
			</category-list>
			<literal-list>
				<literal value="left"/>
				<literal value="right"/>
				<literal value="none"/>
				<literal value="inherit"/>
			</literal-list>
		</property>
		<property name="font-size" default="medium" description="">
			<category-list>
				<category value="visual"/>
			</category-list>
			<literal-list>
				<literal value="inherit"/>
			</literal-list>
			<regexp-list>
				<regexp name="absolute-size"/>
				<regexp name="relative-size"/>
				<regexp name="length"/>
				<regexp name="percentage"/>
			</regexp-list>
		</property>
		<property name="font-size-adjust" default="none" description="">
			<category-list>
				<category value="visual"/>
			</category-list>
			<literal-list>
				<literal value="none"/>
				<literal value="inherit"/>
			</literal-list>
			<regexp-list>
				<regexp name="number"/>
			</regexp-list>
		</property>
		<property name="font-stretch" default="normal" description="">
			<category-list>
				<category value="visual"/>
			</category-list>
			<literal-list>
				<literal value="normal"/>
				<literal value="wider"/>
				<literal value="narrower"/>
				<literal value="ultra-condensed"/>
				<literal value="extra-condensed"/>
				<literal value="condensed"/>
				<literal value="semi-condensed"/>
				<literal value="semi-expanded"/>
				<literal value="expanded"/>
				<literal value="extra-expanded"/>
				<literal value="ultra-expanded"/>
				<literal value="inherit"/>
			</literal-list>
		</property>
		<property name="font-style" default="normal" description="">
			<category-list>
				<category value="visual"/>
			</category-list>
			<literal-list>
				<literal value="normal"/>
				<literal value="italic"/>
				<literal value="oblique"/>
				<literal value="inherit"/>
			</literal-list>
		</property>
		<property name="font-variant" default="normal" description="">
			<category-list>
				<category value="visual"/>
			</category-list>
			<literal-list>
				<literal value="normal"/>
				<literal value="small-caps"/>
				<literal value="inherit"/>
			</literal-list>
		</property>
		<property name="font-weight" default="normal" description="">
			<category-list>
				<category value="visual"/>
			</category-list>
			<literal-list>
				<literal value="normal"/>
				<literal value="bold"/>
				<literal value="bolder"/>
				<literal value="lighter"/>
				<literal value="100"/>
				<literal value="200"/>
				<literal value="300"/>
				<literal value="400"/>
				<literal value="500"/>
				<literal value="600"/>
				<literal value="700"/>
				<literal value="800"/>
				<literal value="900"/>
				<literal value="inherit"/>
			</literal-list>
		</property>
		<property name="height" default="auto" description="">
			<category-list>
				<category value="visual"/>
			</category-list>
			<literal-list>
				<literal value="auto"/>
				<literal value="inherit"/>
			</literal-list>
			<regexp-list>
				<regexp name="length"/>
				<regexp name="percentage"/>
			</regexp-list>
		</property>
		<property name="left" default="auto" description="">
			<category-list>
				<category value="visual"/>
			</category-list>
			<literal-list>
				<literal value="auto"/>
				<literal value="inherit"/>
			</literal-list>
			<regexp-list>
				<regexp name="length"/>
				<regexp name="percentage"/>
			</regexp-list>
		</property>
		<property name="letter-spacing" default="normal" description="">
			<category-list>
				<category value="visual"/>
			</category-list>
			<literal-list>
				<literal value="normal"/>
				<literal value="inherit"/>
			</literal-list>
			<regexp-list>
				<regexp name="length"/>
			</regexp-list>
		</property>
		<property name="line-height" default="normal" description="">
			<category-list>
				<category value="visual"/>
			</category-list>
			<literal-list>
				<literal value="normal"/>
				<literal value="inherit"/>
			</literal-list>
			<regexp-list>
				<regexp name="number"/>
				<regexp name="length"/>
				<regexp name="percentage"/>
			</regexp-list>
		</property>
		<property name="list-style-image" default="none" description="">
			<category-list>
				<category value="visual"/>
			</category-list>
			<literal-list>
				<literal value="none"/>
				<literal value="inherit"/>
			</literal-list>
			<regexp-list>
				<regexp name="cssUri"/>
			</regexp-list>
		</property>
		<property name="list-style-position" default="outside" description="">
			<category-list>
				<category value="visual"/>
			</category-list>
			<literal-list>
				<literal value="inside"/>
				<literal value="outside"/>
				<literal value="inherit"/>
			</literal-list>
		</property>
		<property name="list-style-type" default="disc" description="">
			<category-list>
				<category value="visual"/>
			</category-list>
			<literal-list>
				<literal value="disc"/>
				<literal value="circle"/>
				<literal value="square"/>
				<literal value="decimal"/>
				<literal value="decimal-leading-zero"/>
				<literal value="lower-roman"/>
				<literal value="upper-roman"/>
				<literal value="lower-greek"/>
				<literal value="lower-alpha"/>
				<literal value="lower-latin"/>
				<literal value="upper-alpha"/>
				<literal value="upper-latin"/>
				<literal value="hebrew"/>
				<literal value="armenian"/>
				<literal value="georgian"/>
				<literal value="cjk-ideographic"/>
				<literal value="hiragana"/>
				<literal value="katakana"/>
				<literal value="hiragana-iroha"/>
				<literal value="katakana-iroha"/>
				<literal value="none"/>
				<literal value="inherit"/>
			</literal-list>
		</property>
		<property name="marker-offset" default="auto" description="">
			<category-list>
				<category value="visual"/>
			</category-list>
			<literal-list>
				<literal value="auto"/>
				<literal value="inherit"/>
			</literal-list>
			<regexp-list>
				<regexp name="length"/>
			</regexp-list>
		</property>
		<property name="max-height" default="none" description="">
			<category-list>
				<category value="visual"/>
			</category-list>
			<literal-list>
				<literal value="none"/>
				<literal value="inherit"/>
			</literal-list>
			<regexp-list>
				<regexp name="length"/>
				<regexp name="percentage"/>
			</regexp-list>
		</property>
		<property name="max-width" default="none" description="">
			<category-list>
				<category value="visual"/>
			</category-list>
			<literal-list>
				<literal value="none"/>
				<literal value="inherit"/>
			</literal-list>
			<regexp-list>
				<regexp name="length"/>
				<regexp name="percentage"/>
			</regexp-list>
		</property>
		<property name="min-height" default="0" description="">
			<category-list>
				<category value="visual"/>
			</category-list>
			<literal-list>
				<literal value="inherit"/>
			</literal-list>
			<regexp-list>
				<regexp name="length"/>
				<regexp name="percentage"/>
			</regexp-list>
		</property>
		<property name="min-width" description="">
			<category-list>
				<category value="visual"/>
			</category-list>
			<literal-list>
				<literal value="inherit"/>
			</literal-list>
			<regexp-list>
				<regexp name="length"/>
				<regexp name="percentage"/>
			</regexp-list>
		</property>
		<property name="orphans" default="2" description="">
			<category-list>
				<category value="visual"/>
				<category value="paged"/>
			</category-list>
			<literal-list>
				<literal value="inherit"/>
			</literal-list>
			<regexp-list>
				<regexp name="integer"/>
			</regexp-list>
		</property>
		<property name="outline-color" default="invert" description="">
			<category-list>
				<category value="visual"/>
				<category value="interactive"/>
			</category-list>
			<literal-list>
				<literal value="invert"/>
				<literal value="inherit"/>
			</literal-list>
			<regexp-list>
				<regexp name="cssColor"/>
			</regexp-list>
		</property>
		<property name="overflow" default="visible" description="">
			<category-list>
				<category value="visual"/>
			</category-list>
			<literal-list>
				<literal value="visible"/>
				<literal value="hidden"/>
				<literal value="scroll"/>
				<literal value="auto"/>
				<literal value="inherit"/>
			</literal-list>
		</property>
		<property name="page-break-after" default="auto" description="">
			<category-list>
				<category value="visual"/>
				<category value="paged"/>
			</category-list>
			<literal-list>
				<literal value="auto"/>
				<literal value="always"/>
				<literal value="avoid"/>
				<literal value="left"/>
				<literal value="right"/>
				<literal value="inherit"/>
			</literal-list>
		</property>
		<property name="page-break-before" default="auto" description="">
			<category-list>
				<category value="visual"/>
				<category value="paged"/>
			</category-list>
			<literal-list>
				<literal value="auto"/>
				<literal value="always"/>
				<literal value="avoid"/>
				<literal value="left"/>
				<literal value="right"/>
				<literal value="inherit"/>
			</literal-list>
		</property>
		<property name="page-break-inside" default="auto" description="">
			<category-list>
				<category value="visual"/>
				<category value="paged"/>
			</category-list>
			<literal-list>
				<literal value="avoid"/>
				<literal value="auto"/>
				<literal value="inherit"/>
			</literal-list>
		</property>
		<property name="pause-after" description="">
			<category-list>
				<category value="aural"/>
			</category-list>
			<literal-list>
				<literal value="inherit"/>
			</literal-list>
			<regexp-list>
				<regexp name="time"/>
				<regexp name="percentage"/>
			</regexp-list>
		</property>
		<property name="pause-before" description="">
			<category-list>
				<category value="aural"/>
			</category-list>
			<literal-list>
				<literal value="inherit"/>
			</literal-list>
			<regexp-list>
				<regexp name="time"/>
				<regexp name="percentage"/>
			</regexp-list>
		</property>
		<property name="pitch" default="medium" description="">
			<category-list>
				<category value="aural"/>
			</category-list>
			<literal-list>
				<literal value="x-low"/>
				<literal value="low"/>
				<literal value="medium"/>
				<literal value="high"/>
				<literal value="x-high"/>
				<literal value="inherit"/>
			</literal-list>
			<regexp-list>
				<regexp name="frequency"/>
			</regexp-list>
		</property>
		<property name="pitch-range" default="50" description="">
			<category-list>
				<category value="aural"/>
			</category-list>
			<literal-list>
				<literal value="inherit"/>
			</literal-list>
			<regexp-list>
				<regexp name="number"/>
			</regexp-list>
		</property>
		<property name="position" default="static" description="">
			<category-list>
				<category value="visual"/>
			</category-list>
			<literal-list>
				<literal value="static"/>
				<literal value="relative"/>
				<literal value="absolute"/>
				<literal value="fixed"/>
				<literal value="inherit"/>
			</literal-list>
		</property>
		<property name="richness" default="50" description="">
			<category-list>
				<category value="aural"/>
			</category-list>
			<literal-list>
				<literal value="inherit"/>
			</literal-list>
			<regexp-list>
				<regexp name="number"/>
			</regexp-list>
		</property>
		<property name="right" default="auto" description="">
			<category-list>
				<category value="visual"/>
			</category-list>
			<literal-list>
				<literal value="auto"/>
				<literal value="inherit"/>
			</literal-list>
			<regexp-list>
				<regexp name="length"/>
				<regexp name="percentage"/>
			</regexp-list>
		</property>
		<property name="size" default="auto" description="">
			<category-list>
				<category value="visual"/>
				<category value="paged"/>
			</category-list>
			<literal-list>
				<literal value="auto"/>
				<literal value="portrait"/>
				<literal value="landscape"/>
				<literal value="inherit"/>
			</literal-list>
			<regexp-list>
				<regexp name="length"/>
			</regexp-list>
		</property>
		<property name="speak" default="normal" description="">
			<category-list>
				<category value="aural"/>
			</category-list>
			<literal-list>
				<literal value="normal"/>
				<literal value="none"/>
				<literal value="spell-out"/>
				<literal value="inherit"/>
			</literal-list>
		</property>
		<property name="speak-header" default="once" description="">
			<category-list>
				<category value="aural"/>
			</category-list>
			<literal-list>
				<literal value="once"/>
				<literal value="always"/>
				<literal value="inherit"/>
			</literal-list>
		</property>
		<property name="speak-numeral" default="continuous" description="">
			<category-list>
				<category value="aural"/>
			</category-list>
			<literal-list>
				<literal value="digits"/>
				<literal value="continuous"/>
				<literal value="inherit"/>
			</literal-list>
		</property>
		<property name="speak-punctuation" default="none" description="">
			<category-list>
				<category value="aural"/>
			</category-list>
			<literal-list>
				<literal value="code"/>
				<literal value="none"/>
				<literal value="inherit"/>
			</literal-list>
		</property>
		<property name="speech-rate" default="medium" description="">
			<category-list>
				<category value="aural"/>
			</category-list>
			<literal-list>
				<literal value="x-slow"/>
				<literal value="slow"/>
				<literal value="medium"/>
				<literal value="fast"/>
				<literal value="x-fast"/>
				<literal value="faster"/>
				<literal value="slower"/>
				<literal value="inherit"/>
			</literal-list>
			<regexp-list>
				<regexp name="number"/>
			</regexp-list>
		</property>
		<property name="stress" default="50" description="">
			<category-list>
				<category value="aural"/>
			</category-list>
			<literal-list>
				<literal value="inherit"/>
			</literal-list>
			<regexp-list>
				<regexp name="number"/>
			</regexp-list>
		</property>
		<property name="table-layout" default="auto" description="">
			<category-list>
				<category value="visual"/>
			</category-list>
			<literal-list>
				<literal value="auto"/>
				<literal value="fixed"/>
				<literal value="inherit"/>
			</literal-list>
		</property>
		<property name="text-indent" default="0" description="">
			<category-list>
				<category value="visual"/>
			</category-list>
			<literal-list>
				<literal value="inherit"/>
			</literal-list>
			<regexp-list>
				<regexp name="length"/>
				<regexp name="percentage"/>
			</regexp-list>
		</property>
		<property name="text-transform" default="none" description="">
			<category-list>
				<category value="visual"/>
			</category-list>
			<literal-list>
				<literal value="capitalize"/>
				<literal value="uppercase"/>
				<literal value="lowercase"/>
				<literal value="none"/>
				<literal value="inherit"/>
			</literal-list>
		</property>
		<property name="top" default="auto" description="">
			<category-list>
				<category value="visual"/>
			</category-list>
			<literal-list>
				<literal value="auto"/>
				<literal value="inherit"/>
			</literal-list>
			<regexp-list>
				<regexp name="length"/>
				<regexp name="percentage"/>
			</regexp-list>
		</property>
		<property name="unicode-bidi" default="normal" description="">
			<category-list>
				<category value="visual"/>
			</category-list>
			<literal-list>
				<literal value="normal"/>
				<literal value="embed"/>
				<literal value="bidi-override"/>
				<literal value="inherit"/>
			</literal-list>
		</property>
		<property name="vertical-align" default="baseline" description="">
			<category-list>
				<category value="visual"/>
			</category-list>
			<literal-list>
				<literal value="baseline"/>
				<literal value="sub"/>
				<literal value="super"/>
				<literal value="top"/>
				<literal value="text-top"/>
				<literal value="middle"/>
				<literal value="bottom"/>
				<literal value="text-bottom"/>
				<literal value="inherit"/>
			</literal-list>
			<regexp-list>
				<regexp name="percentage"/>
				<regexp name="length"/>
			</regexp-list>
		</property>
		<property name="visibility" default="inherit" description="">
			<category-list>
				<category value="visual"/>
			</category-list>
			<literal-list>
				<literal value="visible"/>
				<literal value="hidden"/>
				<literal value="collapse"/>
				<literal value="inherit"/>
			</literal-list>
		</property>
		<property name="volume" default="medium" description="">
			<category-list>
				<category value="aural"/>
			</category-list>
			<literal-list>
				<literal value="silent"/>
				<literal value="x-soft"/>
				<literal value="soft"/>
				<literal value="medium"/>
				<literal value="loud"/>
				<literal value="x-loud"/>
				<literal value="inherit"/>
			</literal-list>
			<regexp-list>
				<regexp name="number"/>
				<regexp name="percentage"/>
			</regexp-list>
		</property>
		<property name="white-space" default="normal" description="">
			<category-list>
				<category value="visual"/>
			</category-list>
			<literal-list>
				<literal value="normal"/>
				<literal value="pre"/>
				<literal value="nowrap"/>
				<literal value="inherit"/>
			</literal-list>
		</property>
		<property name="widows" default="2" description="">
			<category-list>
				<category value="visual"/>
				<category value="paged"/>
			</category-list>
			<literal-list>
				<literal value="inherit"/>
			</literal-list>
			<regexp-list>
				<regexp name="integer"/>
			</regexp-list>
		</property>
		<property name="width" default="auto" description="">
			<category-list>
				<category value="visual"/>
			</category-list>
			<literal-list>
				<literal value="auto"/>
				<literal value="inherit"/>
			</literal-list>
			<regexp-list>
				<regexp name="length"/>
				<regexp name="percentage"/>
			</regexp-list>
		</property>
		<property name="word-spacing" default="normal" description="">
			<category-list>
				<category value="visual"/>
			</category-list>
			<literal-list>
				<literal value="normal"/>
				<literal value="inherit"/>
			</literal-list>
			<regexp-list>
				<regexp name="length"/>
			</regexp-list>
		</property>
		<property name="z-index" default="auto" description="">
			<category-list>
				<category value="visual"/>
			</category-list>
			<literal-list>
				<literal value="auto"/>
				<literal value="inherit"/>
			</literal-list>
			<regexp-list>
				<regexp name="integer"/>
			</regexp-list>
		</property>
		
		<!-- end simple properties -->
		
		<!-- begin medium properties -->
		<property name="border-style" description="">
			<category-list>
				<category value="visual"/>
			</category-list>
			<literal-list>
				<literal value="inherit"/>
				<literal value="none"/>				
				<literal value="hidden"/>
				<literal value="dotted"/>
				<literal value="dashed"/>
				<literal value="solid"/>
				<literal value="double"/>
				<literal value="groove"/>
				<literal value="ridge"/>
				<literal value="inset"/>
				<literal value="outset"/>
			</literal-list>
		</property>
		<property name="border-top-style" default="none" description="">
			<category-list>
				<category value="visual"/>
			</category-list>
			<literal-list>
				<literal value="inherit"/>
			</literal-list>
		</property>
		<property name="border-right-style" default="none" description="">
			<category-list>
				<category value="visual"/>
			</category-list>
			<literal-list>
				<literal value="inherit"/>
			</literal-list>
			<shorthand-list>
				<shorthand name="border-style"/>
			</shorthand-list>
		</property>
		<property name="border-bottom-style" default="none" description="">
			<category-list>
				<category value="visual"/>
			</category-list>
			<literal-list>
				<literal value="inherit"/>
			</literal-list>
			<shorthand-list>
				<shorthand name="border-style"/>
			</shorthand-list>
		</property>
		<property name="border-left-style" default="none" description="">
			<category-list>
				<category value="visual"/>
			</category-list>
			<literal-list>
				<literal value="inherit"/>
			</literal-list>
			<shorthand-list>
				<shorthand name="border-style"/>
			</shorthand-list>
		</property>
		<property name="border-top-width" default="medium" description="">
			<category-list>
				<category value="visual"/>
			</category-list>
			<literal-list>
				<literal value="inherit"/>
			</literal-list>
			<shorthand-list>
				<shorthand name="border-width"/>
			</shorthand-list>
		</property>
		<property name="border-right-width" default="medium" description="">
			<category-list>
				<category value="visual"/>
			</category-list>
			<literal-list>
				<literal value="inherit"/>
			</literal-list>
			<shorthand-list>
				<shorthand name="border-width"/>
			</shorthand-list>
		</property>
		<property name="border-bottom-width" default="medium" description="">
			<category-list>
				<category value="visual"/>
			</category-list>
			<literal-list>
				<literal value="inherit"/>
			</literal-list>
			<shorthand-list>
				<shorthand name="border-width"/>
			</shorthand-list>
		</property>
		<property name="border-left-width" default="medium" description="">
			<category-list>
				<category value="visual"/>
			</category-list>
			<literal-list>
				<literal value="inherit"/>
			</literal-list>
			<shorthand-list>
				<shorthand name="border-width"/>
			</shorthand-list>
		</property>
		<property name="border-width" description="">
			<category-list>
				<category value="visual"/>
			</category-list>
			<literal-list>
				<literal value="inherit"/>
				<literal value="thin"/>
				<literal value="medium"/>
				<literal value="thick"/>
			</literal-list>
			<regexp-list>
				<regexp name="length"/>
			</regexp-list>
		</property>
		<property name="margin" description="">
			<category-list>
				<category value="visual"/>
			</category-list>
			<literal-list>
				<literal value="inherit"/>
				<literal value="auto"/>
			</literal-list>
			<regexp-list>
				<regexp name="length"/>
				<regexp name="percentage"/>				
			</regexp-list>
		</property>
		<property name="margin-top" default="0" description="">
			<category-list>
				<category value="visual"/>
			</category-list>
			<literal-list>
				<literal value="inherit"/>
			</literal-list>
			<shorthand-list>
				<shorthand name="margin"/>
			</shorthand-list>
		</property>
		<property name="margin-right" default="0" description="">
			<category-list>
				<category value="visual"/>
			</category-list>
			<literal-list>
				<literal value="inherit"/>
			</literal-list>
			<shorthand-list>
				<shorthand name="margin"/>
			</shorthand-list>
		</property>
		<property name="margin-bottom" default="0" description="">
			<category-list>
				<category value="visual"/>
			</category-list>
			
			<literal-list>
				<literal value="inherit"/>
			</literal-list>
			<shorthand-list>
				<shorthand name="margin"/>
			</shorthand-list>
		</property>
		<property name="margin-left" default="0" description="">
			<category-list>
				<category value="visual"/>
			</category-list>
			<literal-list>
				<literal value="inherit"/>
			</literal-list>
			<shorthand-list>
				<shorthand name="margin"/>
			</shorthand-list>
		</property>
		<property name="outline-style" default="none" description="">
			<category-list>
				<category value="visual"/>
				<category value="interactive"/>
			</category-list>
			
			<literal-list>
				<literal value="inherit"/>
			</literal-list>
			<shorthand-list>
				<shorthand name="border-style"/>
			</shorthand-list>
		</property>
		<property name="outline-width" default="medium" description="">
			<category-list>
				<category value="visual"/>
				<category value="interactive"/>
			</category-list>
			<literal-list>
				<literal value="inherit"/>
			</literal-list>
			<shorthand-list>
				<shorthand name="border-width"/>
			</shorthand-list>
		</property>
		<property name="padding" description="">
			<category-list>
				<category value="visual"/>
			</category-list>
			<literal-list>
				<literal value="inherit"/>
			</literal-list>
			<regexp-list>
				<regexp name="length"/>
				<regexp name="percentage"/>
			</regexp-list>			
		</property>
		<property name="padding-top" default="0" description="">
			<category-list>
				<category value="visual"/>
			</category-list>				
			<literal-list>
				<literal value="inherit"/>
			</literal-list>
			<shorthand-list>
				<shorthand name="padding"/>
			</shorthand-list>
		</property>
		<property name="padding-right" default="0" description="">
			<category-list>
				<category value="visual"/>
			</category-list>
			<literal-list>
				<literal value="inherit"/>
			</literal-list>
			<shorthand-list>
				<shorthand name="padding"/>
			</shorthand-list>
		</property>
		<property name="padding-bottom" default="0" description="">
			<category-list>
				<category value="visual"/>
			</category-list>
			<literal-list>
				<literal value="inherit"/>
			</literal-list>
			<shorthand-list>
				<shorthand name="padding"/>
			</shorthand-list>
		</property>
		<property name="padding-left" default="0" description="">
			<category-list>
				<category value="visual"/>
			</category-list>
			<literal-list>
				<literal value="inherit"/>
			</literal-list>
			<shorthand-list>
				<shorthand name="padding"/>
			</shorthand-list>
		</property>		
		<!-- end medium properties -->
		
		<!-- begin hard properties -->
		<property name="border" description="">
			<category-list>
				<category value="visual"/>
			</category-list>
			
			<literal-list>
				<literal value="inherit"/>
			</literal-list>
			<regexp-list>
				<regexp name="cssColor"/>
			</regexp-list>
			<shorthand-list>
				<shorthand name="border-width"/>
				<shorthand name="border-style"/>
			</shorthand-list>
		</property>
		<property name="border-top" description="">
			<category-list>
				<category value="visual"/>
			</category-list>
			<literal-list>
				<literal value="inherit"/>
			</literal-list>
			<regexp-list>
				<regexp name="cssColor"/>
			</regexp-list>
			<shorthand-list>
				<shorthand name="border-top-width"/>
				<shorthand name="border-style"/>
			</shorthand-list>
		</property>
		<property name="border-right" description="">
			<category-list>
				<category value="visual"/>
			</category-list>
			<literal-list>
				<literal value="inherit"/>
			</literal-list>
			<regexp-list>
				<regexp name="cssColor"/>
			</regexp-list>
			<shorthand-list>
				<shorthand name="border-top-width"/>
				<shorthand name="border-style"/>
			</shorthand-list>
		</property>
		<property name="border-bottom" description="">
			<category-list>
				<category value="visual"/>
			</category-list>
			<literal-list>
				<literal value="inherit"/>
			</literal-list>
			<regexp-list>
				<regexp name="cssColor"/>
			</regexp-list>
			<shorthand-list>
				<shorthand name="border-top-width"/>
				<shorthand name="border-style"/>
			</shorthand-list>
		</property>
		<property name="border-left" description="">
			<category-list>
				<category value="visual"/>
			</category-list>
			<literal-list>
				<literal value="inherit"/>
			</literal-list>
			<regexp-list>
				<regexp name="cssColor"/>
			</regexp-list>
			<shorthand-list>
				<shorthand name="border-top-width"/>
				<shorthand name="border-style"/>
			</shorthand-list>
		</property>
		<property name="cue" description="">
			<category-list>
				<category value="aural"/>
			</category-list>
			<literal-list>
				<literal value="inherit"/>
			</literal-list>
			<shorthand-list>
				<shorthand name="cue-before"/>
				<shorthand name="cue-after"/>
			</shorthand-list>
		</property>
		<property name="list-style" description="">
			<category-list>
				<category value="visual"/>
			</category-list>
			<literal-list>
				<literal value="inherit"/>
			</literal-list>
			<shorthand-list>
				<shorthand name="list-style-type"/>
				<shorthand name="list-style-position"/>
				<shorthand name="list-style-image"/>
			</shorthand-list>
		</property>
		<property name="marks" default="none" description="">
			<category-list>
				<category value="visual"/>
				<category value="paged"/>
			</category-list>
			<literal-list>
				<literal value="crop"/>
				<literal value="cross"/>
				<literal value="none"/>
				<literal value="inherit"/>
			</literal-list>
		</property>
		<property name="outline" description="">
			<category-list>
				<category value="visual"/>
				<category value="interactive"/>
			</category-list>
			<literal-list>
				<literal value="inherit"/>
			</literal-list>
			<shorthand-list>
				<shorthand name="outline-color"/>
				<shorthand name="outline-style"/>
				<shorthand name="outline-width"/>
			</shorthand-list>
		</property>
		<property name="pause" description="">
			<category-list>
				<category value="aural"/>
			</category-list>
			<literal-list>
				<literal value="inherit"/>
			</literal-list>
			<regexp-list>
				<regexp name="time"/>
				<regexp name="percentage"/>
			</regexp-list>
		</property>
		<property name="text-decoration" default="none" description="">
			<category-list>
				<category value="visual"/>
			</category-list>
			<literal-list>
				<literal value="none"/>
				<literal value="underline"/>
				<literal value="overline"/>
				<literal value="line-through"/>
				<literal value="blink"/>
				<literal value="inherit"/>
			</literal-list>
		</property>		
		<!-- end hard properties -->
		<!--  begin manual properties -->
		<property name="border-spacing" default="0" description="The lengths specify the distance that separates adjacent cell borders. If one length is specified, it gives both the horizontal and vertical spacing. If two are specified, the first gives the horizontal spacing and the second the vertical spacing. Lengths may not be negative.">
			<category-list>
				<category value="visual"/>
			</category-list>
			<literal-list>
				<literal value="inherit"/>
			</literal-list>
			<regexp-list>
				<regexp name="length"/>
			</regexp-list>
		</property>
		<property name="clip" default="auto" description="The 'clip' property applies to elements that have a 'overflow' property with a value other than 'visible'.">
			<category-list>
				<category value="visual"/>
			</category-list>
			<literal-list>
				<literal value="auto"/>			
				<literal value="inherit"/>
			</literal-list>
			<regexp-list>
				<regexp name="length"/>
			</regexp-list>
		</property>
		<property name="counter-increment" default="none" description="The 'counter-increment' property accepts one or more names of counters (identifiers), each one optionally followed by an integer.">
			<category-list>
				<category value="all"/>
			</category-list>
			<literal-list>
				<literal value="none"/>			
				<literal value="inherit"/>
			</literal-list>
			<regexp-list>
				<regexp name="cssId"/>
				<regexp name="integer"/>
			</regexp-list>
		</property>
		<property name="clip" default="auto" description="The 'clip' property applies to elements that have a 'overflow' property with a value other than 'visible'.">
			<category-list>
				<category value="visual"/>
			</category-list>
			<literal-list>
				<literal value="auto"/>			
				<literal value="inherit"/>
			</literal-list>
			<regexp-list>
				<regexp name="length"/>
			</regexp-list>
		</property>
		<property name="cursor" default="auto" description="This property specifies the type of cursor to be displayed for the pointing device.">
			<category-list>
				<category value="visual"/>
				<category value="interactive"/>
			</category-list>
			<literal-list>
				<literal value="auto"/>			
				<literal value="inherit"/>
				<literal value="crosshair"/>
				<literal value="default"/>
				<literal value="pointer"/>
				<literal value="move"/>
				<literal value="e-resize"/>
				<literal value="ne-resize"/>
				<literal value="nw-resize"/>
				<literal value="n-resize"/>
				<literal value="se-resize"/>
				<literal value="sw-resize"/>
				<literal value="s-resize"/>
				<literal value="w-resize| text"/>
				<literal value="wait"/>
				<literal value="help"/>
			</literal-list>
			<regexp-list>
				<regexp name="cssUri"/>
			</regexp-list>
		</property>
		<property name="text-shadow" default="none" description="This property accepts a comma-separated list of shadow effects to be applied to the text of the element.">
			<category-list>
				<category value="visual"/>
			</category-list>
			<literal-list>
				<literal value="none"/>			
				<literal value="inherit"/>
			</literal-list>
			<regexp-list>
				<regexp name="cssColor"/>
				<regexp name="length"/>
			</regexp-list>
		</property>		
		<property name="font" description="The 'font' property is, except as described below, a shorthand property for setting 'font-style', 'font-variant', 'font-weight', 'font-size', 'line-height', and 'font-family', at the same place in the style sheet.">
			<category-list>
				<category value="visual"/>
			</category-list>
			<literal-list>
				<literal value="/"/>
				<literal value="caption"/>
				<literal value="icon"/>
				<literal value="menu"/>
				<literal value="message-box"/>
				<literal value="small-caption"/>
				<literal value="status-bar"/>
				<literal value="inherit"/>
			</literal-list>
			<shorthand-list>
				<shorthand name="font-style"/>
				<shorthand name="font-variant"/>
				<shorthand name="font-weight"/>
				<shorthand name="font-size"/>
				<shorthand name="line-height"/>	
				<shorthand name="font-family"/>
			</shorthand-list>
		</property>
		<property name="font-family" description="This property specifies a prioritized list of font family names and/or generic family names.">
			<category-list>
				<category value="visual"/>
			</category-list>
			<!-- allowing only generic font families -->
			<literal-list>
				<literal value="serif"/>
				<literal value="sans-serif"/>
				<literal value="cursive"/>
				<literal value="fantasy"/>
				<literal value="monospace"/>											
			</literal-list>
		</property>
		<property name="page" description="The 'page' property can be used to specify a particular type of page where an element should be displayed.">
			<category-list>
				<category value="visual"/>
				<category value="paged"/>
			</category-list>
			<literal-list>
				<literal value="auto"/>
			</literal-list>
			<regexp-list>
				<regexp name="cssId"/>
			</regexp-list>
		</property>
		<property name="play-during" default="auto" description="Similar to the 'cue-before' and 'cue-after' properties, this property specifies a sound to be played as a background while an element's content is spoken.">
			<category-list>
				<category value="aural"/>
			</category-list>
			<literal-list>
				<literal value="mix"/>
				<literal value="repeat"/>
				<literal value="none"/>		
				<literal value="auto"/>
				<literal value="inherit"/>				
			</literal-list>
			<regexp-list>
				<regexp name="cssUri"/>
			</regexp-list>
		</property>
		<property name="text-align" description="This property describes how inline content of a block is aligned.">
			<category-list>
				<category value="visual"/>
			</category-list>
			<!--  For safety, ignoring string alignment which can be used to line table cells on characters -->
			<literal-list>
				<literal value="left"/>
				<literal value="right"/>
				<literal value="center"/>		
				<literal value="justify"/>
				<literal value="inherit"/>				
			</literal-list>
		</property>
		<property name="voice-family" description="The value is a comma-separated, prioritized list of voice family names (compare with 'font-family').">
			<category-list>
				<category value="aural"/>
			</category-list>
			<!--  Allowing only generic voice family -->
			<literal-list>
				<literal value="male"/>
				<literal value="female"/>
				<literal value="child"/>		
				<literal value="inherit"/>				
			</literal-list>
		</property>		
		<!--  end manual properties -->
	</css-rules>


	<html-entities>
		<entity name="amp" cdata="&amp;"/>
		<entity name="nbsp" cdata="&amp;#160;"/>
		
		<entity name="iexcl" cdata="&amp;#161;"/> <!--inverted exclamation mark, U+00A1 ISOnum -->
		<entity name="cent" cdata="&amp;#162;"/> <!--cent sign, U+00A2 ISOnum -->
		<entity name="pound" cdata="&amp;#163;"/> <!--pound sign, U+00A3 ISOnum -->
		<entity name="curren" cdata="&amp;#164;"/> <!--currency sign, U+00A4 ISOnum -->
		<entity name="yen" cdata="&amp;#165;"/> <!--yen sign = yuan sign, U+00A5 ISOnum -->
		<entity name="brvbar" cdata="&amp;#166;"/> <!--broken bar = broken vertical bar, U+00A6 ISOnum -->
		<entity name="sect" cdata="&amp;#167;"/> <!--section sign, U+00A7 ISOnum -->
		<entity name="uml" cdata="&amp;#168;"/> <!--diaeresis = spacing diaeresis, U+00A8 ISOdia -->
		<entity name="copy" cdata="&amp;#169;"/> <!--copyright sign, U+00A9 ISOnum -->
		<entity name="ordf" cdata="&amp;#170;"/> <!--feminine ordinal indicator, U+00AA ISOnum -->
		<entity name="laquo" cdata="&amp;#171;"/> <!--left-pointing double angle quotation mark = left pointing guillemet, U+00AB ISOnum -->
		<entity name="not" cdata="&amp;#172;"/> <!--not sign, U+00AC ISOnum -->
		<entity name="shy" cdata="&amp;#173;"/> <!--soft hyphen = discretionary hyphen,U+00AD ISOnum -->
		<entity name="reg" cdata="&amp;#174;"/> <!--registered sign = registered trade mark sign, U+00AE ISOnum -->
		<entity name="macr" cdata="&amp;#175;"/> <!--macron = spacing macron = overline = APL overbar, U+00AF ISOdia -->
		<entity name="deg" cdata="&amp;#176;"/> <!--degree sign, U+00B0 ISOnum -->
		<entity name="plusmn" cdata="&amp;#177;"/> <!--plus-minus sign = plus-or-minus sign, U+00B1 ISOnum -->
		<entity name="sup2" cdata="&amp;#178;"/> <!--superscript two = superscript digit two = squared, U+00B2 ISOnum -->
		<entity name="sup3" cdata="&amp;#179;"/> <!--superscript three = superscript digit three= cubed, U+00B3 ISOnum -->
		<entity name="acute" cdata="&amp;#180;"/> <!--acute accent = spacing acute, U+00B4 ISOdia -->
		<entity name="micro" cdata="&amp;#181;"/> <!--micro sign, U+00B5 ISOnum -->
		<entity name="para" cdata="&amp;#182;"/> <!--pilcrow sign = paragraph sign, U+00B6 ISOnum -->
		<entity name="middot" cdata="&amp;#183;"/> <!--middle dot = Georgian comma = Greek middle dot, U+00B7 ISOnum -->
		<entity name="cedil" cdata="&amp;#184;"/> <!--cedilla = spacing cedilla, U+00B8 ISOdia -->
		<entity name="sup1" cdata="&amp;#185;"/> <!--superscript one = superscript digit one,U+00B9 ISOnum -->
		<entity name="ordm" cdata="&amp;#186;"/> <!--masculine ordinal indicator, U+00BA ISOnum -->
		<entity name="raquo" cdata="&amp;#187;"/> <!--right-pointing double angle quotation mark = right pointing guillemet, U+00BB ISOnum -->
		<entity name="frac14" cdata="&amp;#188;"/> <!--vulgar fraction one quarter = fraction one quarter, U+00BC ISOnum -->
		<entity name="frac12" cdata="&amp;#189;"/> <!--vulgar fraction one half = fraction one half, U+00BD ISOnum -->
		<entity name="frac34" cdata="&amp;#190;"/> <!--vulgar fraction three quarters = fraction three quarters, U+00BE ISOnum -->
		<entity name="iquest" cdata="&amp;#191;"/> <!--inverted question mark = turned question mark, U+00BF ISOnum -->
		<entity name="Agrave" cdata="&amp;#192;"/> <!--latin capital letter A with grave = latin capital letter A grave,U+00C0 ISOlat1 -->
		<entity name="Aacute" cdata="&amp;#193;"/> <!--latin capital letter A with acute,U+00C1 ISOlat1 -->
		<entity name="Acirc" cdata="&amp;#194;"/> <!--latin capital letter A with circumflex,U+00C2 ISOlat1 -->
		<entity name="Atilde" cdata="&amp;#195;"/> <!--latin capital letter A with tilde,U+00C3 ISOlat1 -->
		<entity name="Auml" cdata="&amp;#196;"/> <!--latin capital letter A with diaeresis,U+00C4 ISOlat1 -->
		<entity name="Aring" cdata="&amp;#197;"/> <!--latin capital letter A with ring above = latin capital letter A ring, U+00C5 ISOlat1 -->
		<entity name="AElig" cdata="&amp;#198;"/> <!--latin capital letter AE = latin capital ligature AE, U+00C6 ISOlat1 -->
		<entity name="Ccedil" cdata="&amp;#199;"/> <!--latin capital letter C with cedilla, U+00C7 ISOlat1 -->
		<entity name="Egrave" cdata="&amp;#200;"/> <!--latin capital letter E with grave, U+00C8 ISOlat1 -->
		<entity name="Eacute" cdata="&amp;#201;"/> <!--latin capital letter E with acute,U+00C9 ISOlat1 -->
		<entity name="Ecirc" cdata="&amp;#202;"/> <!--latin capital letter E with circumflex,U+00CA ISOlat1 -->
		<entity name="Euml" cdata="&amp;#203;"/> <!--latin capital letter E with diaeresis, U+00CB ISOlat1 -->
		<entity name="Igrave" cdata="&amp;#204;"/> <!--latin capital letter I with grave, U+00CC ISOlat1 -->
		<entity name="Iacute" cdata="&amp;#205;"/> <!--latin capital letter I with acute, U+00CD ISOlat1 -->
		<entity name="Icirc" cdata="&amp;#206;"/> <!--latin capital letter I with circumflex, U+00CE ISOlat1 -->
		<entity name="Iuml" cdata="&amp;#207;"/> <!--latin capital letter I with diaeresis, U+00CF ISOlat1 -->
		<entity name="ETH" cdata="&amp;#208;"/> <!--latin capital letter ETH, U+00D0 ISOlat1 -->
		<entity name="Ntilde" cdata="&amp;#209;"/> <!--latin capital letter N with tilde, U+00D1 ISOlat1 -->
		<entity name="Ograve" cdata="&amp;#210;"/> <!--latin capital letter O with grave, U+00D2 ISOlat1 -->
		<entity name="Oacute" cdata="&amp;#211;"/> <!--latin capital letter O with acute, U+00D3 ISOlat1 -->
		<entity name="Ocirc" cdata="&amp;#212;"/> <!--latin capital letter O with circumflex, U+00D4 ISOlat1 -->
		<entity name="Otilde" cdata="&amp;#213;"/> <!--latin capital letter O with tilde, U+00D5 ISOlat1 -->
		<entity name="Ouml" cdata="&amp;#214;"/> <!--latin capital letter O with diaeresis, U+00D6 ISOlat1 -->
		<entity name="times" cdata="&amp;#215;"/> <!--multiplication sign, U+00D7 ISOnum -->
		<entity name="Oslash" cdata="&amp;#216;"/> <!--latin capital letter O with stroke = latin capital letter O slash, U+00D8 ISOlat1 -->
		<entity name="Ugrave" cdata="&amp;#217;"/> <!--latin capital letter U with grave, U+00D9 ISOlat1 -->
		<entity name="Uacute" cdata="&amp;#218;"/> <!--latin capital letter U with acute, U+00DA ISOlat1 -->
		<entity name="Ucirc" cdata="&amp;#219;"/> <!--latin capital letter U with circumflex, U+00DB ISOlat1 -->
		<entity name="Uuml" cdata="&amp;#220;"/> <!--latin capital letter U with diaeresis, U+00DC ISOlat1 -->
		<entity name="Yacute" cdata="&amp;#221;"/> <!--latin capital letter Y with acute, U+00DD ISOlat1 -->
		<entity name="THORN" cdata="&amp;#222;"/> <!--latin capital letter THORN, U+00DE ISOlat1 -->
		<entity name="szlig" cdata="&amp;#223;"/> <!--latin small letter sharp s = ess-zed, U+00DF ISOlat1 -->
		<entity name="agrave" cdata="&amp;#224;"/> <!--latin small letter a with grave = latin small letter a grave, U+00E0 ISOlat1 -->
		<entity name="aacute" cdata="&amp;#225;"/> <!--latin small letter a with acute, U+00E1 ISOlat1 -->
		<entity name="acirc" cdata="&amp;#226;"/> <!--latin small letter a with circumflex, U+00E2 ISOlat1 -->
		<entity name="atilde" cdata="&amp;#227;"/> <!--latin small letter a with tilde, U+00E3 ISOlat1 -->
		<entity name="auml" cdata="&amp;#228;"/> <!--latin small letter a with diaeresis, U+00E4 ISOlat1 -->
		<entity name="aring" cdata="&amp;#229;"/> <!--latin small letter a with ring above = latin small letter a ring, U+00E5 ISOlat1 -->
		<entity name="aelig" cdata="&amp;#230;"/> <!--latin small letter ae = latin small ligature ae, U+00E6 ISOlat1 -->
		<entity name="ccedil" cdata="&amp;#231;"/> <!--latin small letter c with cedilla, U+00E7 ISOlat1 -->
		<entity name="egrave" cdata="&amp;#232;"/> <!--latin small letter e with grave, U+00E8 ISOlat1 -->
		<entity name="eacute" cdata="&amp;#233;"/> <!--latin small letter e with acute, U+00E9 ISOlat1 -->
		<entity name="ecirc" cdata="&amp;#234;"/> <!--latin small letter e with circumflex, U+00EA ISOlat1 -->
		<entity name="euml" cdata="&amp;#235;"/> <!--latin small letter e with diaeresis, U+00EB ISOlat1 -->
		<entity name="igrave" cdata="&amp;#236;"/> <!--latin small letter i with grave, U+00EC ISOlat1 -->
		<entity name="iacute" cdata="&amp;#237;"/> <!--latin small letter i with acute, U+00ED ISOlat1 -->
		<entity name="icirc" cdata="&amp;#238;"/> <!--latin small letter i with circumflex, U+00EE ISOlat1 -->
		<entity name="iuml" cdata="&amp;#239;"/> <!--latin small letter i with diaeresis, U+00EF ISOlat1 -->
		<entity name="eth" cdata="&amp;#240;"/> <!--latin small letter eth, U+00F0 ISOlat1 -->
		<entity name="ntilde" cdata="&amp;#241;"/> <!--latin small letter n with tilde, U+00F1 ISOlat1 -->
		<entity name="ograve" cdata="&amp;#242;"/> <!--latin small letter o with grave, U+00F2 ISOlat1 -->
		<entity name="oacute" cdata="&amp;#243;"/> <!--latin small letter o with acute, U+00F3 ISOlat1 -->
		<entity name="ocirc " cdata="&amp;#244;"/> <!--latin small letter o with circumflex, U+00F4 ISOlat1 -->
		<entity name="otilde" cdata="&amp;#245;"/> <!--latin small letter o with tilde, U+00F5 ISOlat1 -->
		<entity name="ouml" cdata="&amp;#246;"/> <!--latin small letter o with diaeresis, U+00F6 ISOlat1 -->
		<entity name="divide" cdata="&amp;#247;"/> <!--division sign, U+00F7 ISOnum -->
		<entity name="oslash" cdata="&amp;#248;"/> <!--latin small letter o with stroke, = latin small letter o slash, U+00F8 ISOlat1 -->
		<entity name="ugrave" cdata="&amp;#249;"/> <!--latin small letter u with grave, U+00F9 ISOlat1 -->
		<entity name="uacute" cdata="&amp;#250;"/> <!--latin small letter u with acute, U+00FA ISOlat1 -->
		<entity name="ucirc" cdata="&amp;#251;"/> <!--latin small letter u with circumflex, U+00FB ISOlat1 -->
		<entity name="uuml" cdata="&amp;#252;"/> <!--latin small letter u with diaeresis, U+00FC ISOlat1 -->
		<entity name="yacute" cdata="&amp;#253;"/> <!--latin small letter y with acute, U+00FD ISOlat1 -->
		<entity name="thorn" cdata="&amp;#254;"/> <!--latin small letter thorn, U+00FE ISOlat1 -->
		<entity name="yuml" cdata="&amp;#255;"/> <!--latin small letter y with diaeresis, U+00FF ISOlat1 -->
		                                  
		<entity name="fnof" cdata="&amp;#402;"/> <!--latin small f with hook = function = florin, U+0192 ISOtech -->
		
		<!-- Greek -->
		<entity name="Alpha" cdata="&amp;#913;"/> <!--greek capital letter alpha, U+0391 -->
		<entity name="Beta" cdata="&amp;#914;"/> <!--greek capital letter beta, U+0392 -->
		<entity name="Gamma" cdata="&amp;#915;"/> <!--greek capital letter gamma, U+0393 ISOgrk3 -->
		<entity name="Delta" cdata="&amp;#916;"/> <!--greek capital letter delta, U+0394 ISOgrk3 -->
		<entity name="Epsilon" cdata="&amp;#917;"/> <!--greek capital letter epsilon, U+0395 -->
		<entity name="Zeta" cdata="&amp;#918;"/> <!--greek capital letter zeta, U+0396 -->
		<entity name="Eta" cdata="&amp;#919;"/> <!--greek capital letter eta, U+0397 -->
		<entity name="Theta" cdata="&amp;#920;"/> <!--greek capital letter theta, U+0398 ISOgrk3 -->
		<entity name="Iota" cdata="&amp;#921;"/> <!--greek capital letter iota, U+0399 -->
		<entity name="Kappa" cdata="&amp;#922;"/> <!--greek capital letter kappa, U+039A -->
		<entity name="Lambda" cdata="&amp;#923;"/> <!--greek capital letter lambda, U+039B ISOgrk3 -->
		<entity name="Mu" cdata="&amp;#924;"/> <!--greek capital letter mu, U+039C -->
		<entity name="Nu" cdata="&amp;#925;"/> <!--greek capital letter nu, U+039D -->
		<entity name="Xi" cdata="&amp;#926;"/> <!--greek capital letter xi, U+039E ISOgrk3 -->
		<entity name="Omicron" cdata="&amp;#927;"/> <!--greek capital letter omicron, U+039F -->
		<entity name="Pi" cdata="&amp;#928;"/> <!--greek capital letter pi, U+03A0 ISOgrk3 -->
		<entity name="Rho" cdata="&amp;#929;"/> <!--greek capital letter rho, U+03A1 -->
		<!-- there is no Sigmaf, and no U+03A2 character either -->
		<entity name="Sigma" cdata="&amp;#931;"/> <!--greek capital letter sigma, U+03A3 ISOgrk3 -->
		<entity name="Tau" cdata="&amp;#932;"/> <!--greek capital letter tau, U+03A4 -->
		<entity name="Upsilon" cdata="&amp;#933;"/> <!--greek capital letter upsilon,U+03A5 ISOgrk3 -->
		<entity name="Phi" cdata="&amp;#934;"/> <!--greek capital letter phi,U+03A6 ISOgrk3 -->
		<entity name="Chi" cdata="&amp;#935;"/> <!--greek capital letter chi, U+03A7 -->
		<entity name="Psi" cdata="&amp;#936;"/> <!--greek capital letter psi,U+03A8 ISOgrk3 -->
		<entity name="Omega" cdata="&amp;#937;"/> <!--greek capital letter omega,U+03A9 ISOgrk3 -->
		
		<entity name="alpha" cdata="&amp;#945;"/> <!--greek small letter alpha,U+03B1 ISOgrk3 -->
		<entity name="beta" cdata="&amp;#946;"/> <!--greek small letter beta, U+03B2 ISOgrk3 -->
		<entity name="gamma" cdata="&amp;#947;"/> <!--greek small letter gamma,U+03B3 ISOgrk3 -->
		<entity name="delta" cdata="&amp;#948;"/> <!--greek small letter delta,U+03B4 ISOgrk3 -->
		<entity name="epsilon" cdata="&amp;#949;"/> <!--greek small letter epsilon,U+03B5 ISOgrk3 -->
		<entity name="zeta" cdata="&amp;#950;"/> <!--greek small letter zeta, U+03B6 ISOgrk3 -->
		<entity name="eta" cdata="&amp;#951;"/> <!--greek small letter eta, U+03B7 ISOgrk3 -->
		<entity name="theta" cdata="&amp;#952;"/> <!--greek small letter theta, U+03B8 ISOgrk3 -->
		<entity name="iota" cdata="&amp;#953;"/> <!--greek small letter iota, U+03B9 ISOgrk3 -->
		<entity name="kappa" cdata="&amp;#954;"/> <!--greek small letter kappa,U+03BA ISOgrk3 -->
		<entity name="lambda" cdata="&amp;#955;"/> <!--greek small letter lambda, U+03BB ISOgrk3 -->
		<entity name="mu" cdata="&amp;#956;"/> <!--greek small letter mu, U+03BC ISOgrk3 -->
		<entity name="nu" cdata="&amp;#957;"/> <!--greek small letter nu, U+03BD ISOgrk3 -->
		<entity name="xi" cdata="&amp;#958;"/> <!--greek small letter xi, U+03BE ISOgrk3 -->
		<entity name="omicron" cdata="&amp;#959;"/> <!--greek small letter omicron, U+03BF NEW -->
		<entity name="pi" cdata="&amp;#960;"/> <!--greek small letter pi, U+03C0 ISOgrk3 -->
		<entity name="rho" cdata="&amp;#961;"/> <!--greek small letter rho, U+03C1 ISOgrk3 -->
		<entity name="sigmaf" cdata="&amp;#962;"/> <!--greek small letter final sigma, U+03C2 ISOgrk3 -->
		<entity name="sigma" cdata="&amp;#963;"/> <!--greek small letter sigma, U+03C3 ISOgrk3 -->
		<entity name="tau" cdata="&amp;#964;"/> <!--greek small letter tau, U+03C4 ISOgrk3 -->
		<entity name="upsilon" cdata="&amp;#965;"/> <!--greek small letter upsilon, U+03C5 ISOgrk3 -->
		<entity name="phi" cdata="&amp;#966;"/> <!--greek small letter phi, U+03C6 ISOgrk3 -->
		<entity name="chi" cdata="&amp;#967;"/> <!--greek small letter chi, U+03C7 ISOgrk3 -->
		<entity name="psi" cdata="&amp;#968;"/> <!--greek small letter psi, U+03C8 ISOgrk3 -->
		<entity name="omega" cdata="&amp;#969;"/> <!--greek small letter omega, U+03C9 ISOgrk3 -->
		<entity name="thetasym" cdata="&amp;#977;"/> <!--greek small letter theta symbol, U+03D1 NEW -->
		<entity name="upsih" cdata="&amp;#978;"/> <!--greek upsilon with hook symbol, U+03D2 NEW -->
		<entity name="piv" cdata="&amp;#982;"/> <!--greek pi symbol, U+03D6 ISOgrk3 -->
		
		<!-- General Punctuation -->
		<entity name="bull" cdata="&amp;#8226;"/> <!--bullet = black small circle, U+2022 ISOpub  -->
		<!-- bullet is NOT the same as bullet operator, U+2219 -->
		<entity name="hellip" cdata="&amp;#8230;"/> <!--horizontal ellipsis = three dot leader, U+2026 ISOpub  -->
		<entity name="prime" cdata="&amp;#8242;"/> <!--prime = minutes = feet, U+2032 ISOtech -->
		<entity name="Prime" cdata="&amp;#8243;"/> <!--double prime = seconds = inches, U+2033 ISOtech -->
		<entity name="oline" cdata="&amp;#8254;"/> <!--overline = spacing overscore, U+203E NEW -->
		<entity name="frasl" cdata="&amp;#8260;"/> <!--fraction slash, U+2044 NEW -->
		
		<!-- Letterlike Symbols -->
		<entity name="weierp" cdata="&amp;#8472;"/> <!--script capital P = power set = Weierstrass p, U+2118 ISOamso -->
		<entity name="image" cdata="&amp;#8465;"/> <!--blackletter capital I = imaginary part, U+2111 ISOamso -->
		<entity name="real" cdata="&amp;#8476;"/> <!--blackletter capital R = real part symbol, U+211C ISOamso -->
		<entity name="trade" cdata="&amp;#8482;"/> <!--trade mark sign, U+2122 ISOnum -->
		<entity name="alefsym" cdata="&amp;#8501;"/> <!--alef symbol = first transfinite cardinal, U+2135 NEW -->
		<!-- alef symbol is NOT the same as hebrew letter alef,
		     U+05D0 although the same glyph could be used to depict both characters -->
		
		<!-- Arrows -->
		<entity name="larr" cdata="&amp;#8592;"/> <!--leftwards arrow, U+2190 ISOnum -->
		<entity name="uarr" cdata="&amp;#8593;"/> <!--upwards arrow, U+2191 ISOnum-->
		<entity name="rarr" cdata="&amp;#8594;"/> <!--rightwards arrow, U+2192 ISOnum -->
		<entity name="darr" cdata="&amp;#8595;"/> <!--downwards arrow, U+2193 ISOnum -->
		<entity name="harr" cdata="&amp;#8596;"/> <!--left right arrow, U+2194 ISOamsa -->
		<entity name="crarr" cdata="&amp;#8629;"/> <!--downwards arrow with corner leftwards
		                                     = carriage return, U+21B5 NEW -->
		<entity name="lArr" cdata="&amp;#8656;"/> <!--leftwards double arrow, U+21D0 ISOtech -->
		
		<!-- ISO 10646 does not say that lArr is the same as the 'is implied by' arrow
		    but also does not have any other character for that function. So ? lArr can
		    be used for 'is implied by' as ISOtech suggests -->
		    
		<entity name="uArr" cdata="&amp;#8657;"/> <!--upwards double arrow, U+21D1 ISOamsa -->
		<entity name="rArr" cdata="&amp;#8658;"/> <!--rightwards double arrow, U+21D2 ISOtech -->
		
		<!-- ISO 10646 does not say this is the 'implies' character but does not have 
		     another character with this function so ?
		     rArr can be used for 'implies' as ISOtech suggests -->
		     
		<entity name="dArr" cdata="&amp;#8659;"/> <!--downwards double arrow, U+21D3 ISOamsa -->
		<entity name="hArr" cdata="&amp;#8660;"/> <!--left right double arrow, U+21D4 ISOamsa -->
		
		<!-- Mathematical Operators -->
		<entity name="forall" cdata="&amp;#8704;"/> <!--for all, U+2200 ISOtech -->
		<entity name="part" cdata="&amp;#8706;"/> <!--partial differential, U+2202 ISOtech  -->
		<entity name="exist" cdata="&amp;#8707;"/> <!--there exists, U+2203 ISOtech -->
		<entity name="empty" cdata="&amp;#8709;"/> <!--empty set = null set = diameter,U+2205 ISOamso -->
		<entity name="nabla" cdata="&amp;#8711;"/> <!--nabla = backward difference, U+2207 ISOtech -->
		<entity name="isin" cdata="&amp;#8712;"/> <!--element of, U+2208 ISOtech -->
		<entity name="notin" cdata="&amp;#8713;"/> <!--not an element of, U+2209 ISOtech -->
		<entity name="ni" cdata="&amp;#8715;"/> <!--contains as member, U+220B ISOtech -->
	
		<!-- should there be a more memorable name than 'ni'? -->
		<entity name="prod" cdata="&amp;#8719;"/> <!--n-ary product = product sign, U+220F ISOamsb -->
		
		<!-- prod is NOT the same character as U+03A0 'greek capital letter pi' though
		     the same glyph might be used for both -->
		     
		<entity name="sum" cdata="&amp;#8721;"/> <!--n-ary sumation, U+2211 ISOamsb -->
		
		<!-- sum is NOT the same character as U+03A3 'greek capital letter sigma'
		     though the same glyph might be used for both -->
		
		<entity name="minus" cdata="&amp;#8722;"/> <!--minus sign, U+2212 ISOtech -->
		<entity name="lowast" cdata="&amp;#8727;"/> <!--asterisk operator, U+2217 ISOtech -->
		<entity name="radic" cdata="&amp;#8730;"/> <!--square root = radical sign, U+221A ISOtech -->
		<entity name="prop" cdata="&amp;#8733;"/> <!--proportional to, U+221D ISOtech -->
		<entity name="infin" cdata="&amp;#8734;"/> <!--infinity, U+221E ISOtech -->
		<entity name="ang" cdata="&amp;#8736;"/> <!--angle, U+2220 ISOamso -->
		<entity name="and" cdata="&amp;#8743;"/> <!--logical and = wedge, U+2227 ISOtech -->
		<entity name="or" cdata="&amp;#8744;"/> <!--logical or = vee, U+2228 ISOtech -->
		<entity name="cap" cdata="&amp;#8745;"/> <!--intersection = cap, U+2229 ISOtech -->
		<entity name="cup" cdata="&amp;#8746;"/> <!--union = cup, U+222A ISOtech -->
		<entity name="int" cdata="&amp;#8747;"/> <!--integral, U+222B ISOtech -->
		<entity name="there4" cdata="&amp;#8756;"/> <!--therefore, U+2234 ISOtech -->
		<entity name="sim" cdata="&amp;#8764;"/> <!--tilde operator = varies with = similar to, U+223C ISOtech -->
		
		<!-- tilde operator is NOT the same character as the tilde, U+007E,
		     although the same glyph might be used to represent both  -->
		     
		<entity name="cong" cdata="&amp;#8773;"/> <!--approximately equal to, U+2245 ISOtech -->
		<entity name="asymp" cdata="&amp;#8776;"/> <!--almost equal to = asymptotic to, U+2248 ISOamsr -->
		<entity name="ne" cdata="&amp;#8800;"/> <!--not equal to, U+2260 ISOtech -->
		<entity name="equiv" cdata="&amp;#8801;"/> <!--identical to, U+2261 ISOtech -->
		<entity name="le" cdata="&amp;#8804;"/> <!--less-than or equal to, U+2264 ISOtech -->
		<entity name="ge" cdata="&amp;#8805;"/> <!--greater-than or equal to, U+2265 ISOtech -->
		<entity name="sub" cdata="&amp;#8834;"/> <!--subset of, U+2282 ISOtech -->
		<entity name="sup" cdata="&amp;#8835;"/> <!--superset of, U+2283 ISOtech -->
		
		<!-- note that nsup, 'not a superset of, U+2283' is not covered by the Symbol 
		     font encoding and is not included. Should it be, for symmetry?
		     It is in ISOamsn  --> 
		
		<entity name="nsub" cdata="&amp;#8836;"/> <!--not a subset of, U+2284 ISOamsn -->
		<entity name="sube" cdata="&amp;#8838;"/> <!--subset of or equal to, U+2286 ISOtech -->
		<entity name="supe" cdata="&amp;#8839;"/> <!--superset of or equal to, U+2287 ISOtech -->
		<entity name="oplus" cdata="&amp;#8853;"/> <!--circled plus = direct sum, U+2295 ISOamsb -->
		<entity name="otimes" cdata="&amp;#8855;"/> <!--circled times = vector product, U+2297 ISOamsb -->
		<entity name="perp" cdata="&amp;#8869;"/> <!--up tack = orthogonal to = perpendicular, U+22A5 ISOtech -->
		<entity name="sdot" cdata="&amp;#8901;"/> <!--dot operator, U+22C5 ISOamsb -->
		<!-- dot operator is NOT the same character as U+00B7 middle dot -->
		
		<!-- Miscellaneous Technical -->
		<entity name="lceil" cdata="&amp;#8968;"/> <!--left ceiling = apl upstile, U+2308 ISOamsc  -->
		<entity name="rceil" cdata="&amp;#8969;"/> <!--right ceiling, U+2309 ISOamsc  -->
		<entity name="lfloor" cdata="&amp;#8970;"/> <!--left floor = apl downstile, U+230A ISOamsc  -->
		<entity name="rfloor" cdata="&amp;#8971;"/> <!--right floor, U+230B ISOamsc  -->
		<entity name="lang" cdata="&amp;#9001;"/> <!--left-pointing angle bracket = bra, U+2329 ISOtech -->
		<!-- lang is NOT the same character as U+003C 'less than' 
		     or U+2039 'single left-pointing angle quotation mark' -->
		<entity name="rang" cdata="&amp;#9002;"/> <!--right-pointing angle bracket = ket, U+232A ISOtech -->
		<!-- rang is NOT the same character as U+003E 'greater than' or U+203A 'single right-pointing angle quotation mark' -->
		
		<!-- Geometric Shapes -->
		<entity name="loz" cdata="&amp;#9674;"/> <!--lozenge, U+25CA ISOpub -->
		
		<!-- Miscellaneous Symbols -->
		<entity name="spades" cdata="&amp;#9824;"/> <!--black spade suit, U+2660 ISOpub -->
		<!-- black here seems to mean filled as opposed to hollow -->
		<entity name="clubs" cdata="&amp;#9827;"/> <!--black club suit = shamrock, U+2663 ISOpub -->
		<entity name="hearts" cdata="&amp;#9829;"/> <!--black heart suit = valentine, U+2665 ISOpub -->
		<entity name="diams" cdata="&amp;#9830;"/> <!--black diamond suit, U+2666 ISOpub -->
		
		<entity name="quot" cdata="&amp;#34;"  /> <!--quotation mark = APL quote, U+0022 ISOnum -->
		<!-- Latin Extended-A -->
		<entity name="OElig" cdata="&amp;#338;" /> <!--latin capital ligature OE, U+0152 ISOlat2 -->
		<entity name="oelig" cdata="&amp;#339;" /> <!--latin small ligature oe, U+0153 ISOlat2 -->
		<!-- ligature is a misnomer, this is a separate character in some languages -->
		<entity name="Scaron" cdata="&amp;#352;" /> <!--latin capital letter S with caron, U+0160 ISOlat2 -->
		<entity name="scaron" cdata="&amp;#353;" /> <!--latin small letter s with caron, U+0161 ISOlat2 -->
		<entity name="Yuml" cdata="&amp;#376;" /> <!--latin capital letter Y with diaeresis, U+0178 ISOlat2 -->
		
		<!-- Spacing Modifier Letters -->
		<entity name="circ" cdata="&amp;#710;" /> <!--modifier letter circumflex accent, U+02C6 ISOpub -->
		<entity name="tilde" cdata="&amp;#732;" /> <!--small tilde, U+02DC ISOdia -->
		
		<!-- General Punctuation -->
		<entity name="ensp" cdata="&amp;#8194;"/> <!--en space, U+2002 ISOpub -->
		<entity name="emsp" cdata="&amp;#8195;"/> <!--em space, U+2003 ISOpub -->
		<entity name="thinsp" cdata="&amp;#8201;"/> <!--thin space, U+2009 ISOpub -->
		<entity name="zwnj" cdata="&amp;#8204;"/> <!--zero width non-joiner, U+200C NEW RFC 2070 -->
		<entity name="zwj" cdata="&amp;#8205;"/> <!--zero width joiner, U+200D NEW RFC 2070 -->
		<entity name="lrm" cdata="&amp;#8206;"/> <!--left-to-right mark, U+200E NEW RFC 2070 -->
		<entity name="rlm" cdata="&amp;#8207;"/> <!--right-to-left mark, U+200F NEW RFC 2070 -->
		<entity name="ndash" cdata="&amp;#8211;"/> <!--en dash, U+2013 ISOpub -->
		<entity name="mdash" cdata="&amp;#8212;"/> <!--em dash, U+2014 ISOpub -->
		<entity name="lsquo" cdata="&amp;#8216;"/> <!--left single quotation mark, U+2018 ISOnum -->
		<entity name="rsquo" cdata="&amp;#8217;"/> <!--right single quotation mark, U+2019 ISOnum -->
		<entity name="sbquo" cdata="&amp;#8218;"/> <!--single low-9 quotation mark, U+201A NEW -->
		<entity name="ldquo" cdata="&amp;#8220;"/> <!--left double quotation mark, U+201C ISOnum -->
		<entity name="rdquo" cdata="&amp;#8221;"/> <!--right double quotation mark, U+201D ISOnum -->
		<entity name="bdquo" cdata="&amp;#8222;"/> <!--double low-9 quotation mark, U+201E NEW -->
		<entity name="dagger" cdata="&amp;#8224;"/> <!--dagger, U+2020 ISOpub -->
		<entity name="Dagger" cdata="&amp;#8225;"/> <!--double dagger, U+2021 ISOpub -->
		<entity name="permil" cdata="&amp;#8240;"/> <!--per mille sign, U+2030 ISOtech -->
		<entity name="lsaquo" cdata="&amp;#8249;"/> <!--single left-pointing angle quotation mark, U+2039 ISO proposed -->
		<!-- lsaquo is proposed but not yet ISO standardized -->
		<entity name="rsaquo" cdata="&amp;#8250;"/> <!--single right-pointing angle quotation mark, U+203A ISO proposed -->
		<!-- rsaquo is proposed but not yet ISO standardized -->
		<entity name="euro" cdata="&amp;#8364;" /> <!--euro sign, U+20AC NEW -->
	</html-entities>

</anti-samy-rules>
